{"cameraMode":{"drawMode":0,"name":"Shaded","section":"Shading Mode"},"sceneLighting":true,"audioPlay":false,"sceneViewState":{"showFog":false,"showMaterialUpdate":false,"showSkybox":false,"showFlares":false,"showImageEffects":false,"showParticleSystems":false},"in2DMode":false,"pivot":{"x":6.670932292938232,"y":-3.7068634033203127,"z":2.0485153198242189},"rotation":{"x":-0.30980241298675539,"y":-0.2040928602218628,"z":0.06827010959386826,"w":-0.9261329174041748},"size":10.609188079833985,"orthographic":false}